{
  "features": [
    "rr_planned",
    "setup_score",
    "adx_value",
    "ad_line_slope_pct",
    "higher_lows",
    "institutional_ownership_pct",
    "regime_mult",
    "extended",
    "days_to_earnings"
  ],
  "scaler_mean": {
    "rr_planned": 2.708728461081402,
    "setup_score": 55.5797504456328,
    "adx_value": 24.949450386215094,
    "ad_line_slope_pct": 1.2819904931669637,
    "higher_lows": 1.0965537730243613,
    "institutional_ownership_pct": 77.30335710041592,
    "regime_mult": 0.8819893048128342,
    "extended": 0.16607248960190138,
    "days_to_earnings": 999.0
  },
  "scaler_std": {
    "rr_planned": 0.12333545044845282,
    "setup_score": 12.105402375130163,
    "adx_value": 9.856037086369703,
    "ad_line_slope_pct": 874.5274657944323,
    "higher_lows": 1.3803669657453195,
    "institutional_ownership_pct": 19.107358850180727,
    "regime_mult": 0.04518925547242934,
    "extended": 0.37214569431786754,
    "days_to_earnings": 1.0
  },
  "logreg_coef": {
    "rr_planned": 0.18739805933608514,
    "setup_score": 0.15195945745234032,
    "adx_value": -0.09642414077122381,
    "ad_line_slope_pct": -0.03269415251390755,
    "higher_lows": -0.23862568776475881,
    "institutional_ownership_pct": 0.01280093089450867,
    "regime_mult": -0.019624277204375117,
    "extended": 0.3889428308695051,
    "days_to_earnings": 0.0
  },
  "logreg_intercept": -0.40185493656026794,
  "isotonic_x": [
    0.05171305872539316,
    0.22875176281038923,
    0.2288693019321607,
    0.23049415156093842,
    0.230729448245945,
    0.31838366596397216,
    0.318475861555835,
    0.34279351293875593,
    0.34287025032782453,
    0.3850879800991084,
    0.385198300167881,
    0.40043112185640445,
    0.4005012767758935,
    0.42432311375880116,
    0.4243895566786362,
    0.5326112475139273,
    0.5330173322562068,
    0.578525798560492,
    0.5793325785202673,
    0.6345130984085505,
    0.6352446774503145,
    0.6410638710705,
    0.6413397946337396,
    0.6865438175103866,
    0.6870556923583607,
    0.7518183879718989,
    0.7529682176493209,
    0.8126390472027972,
    0.8137198275091184,
    0.8219518614450245,
    0.8220413909461203,
    0.9979458137715218
  ],
  "isotonic_y": [
    0.24475524475524477,
    0.24475524475524477,
    0.2857142857142857,
    0.2857142857142857,
    0.30360934182590227,
    0.30360934182590227,
    0.32599118942731276,
    0.32599118942731276,
    0.3434343434343434,
    0.3434343434343434,
    0.36129032258064514,
    0.36129032258064514,
    0.3881856540084388,
    0.3881856540084388,
    0.43478260869565216,
    0.43478260869565216,
    0.45977011494252873,
    0.45977011494252873,
    0.5098039215686276,
    0.5098039215686276,
    0.5714285714285714,
    0.5714285714285714,
    0.591304347826087,
    0.591304347826087,
    0.616580310880829,
    0.616580310880829,
    0.7,
    0.7,
    0.8333333333333334,
    0.8333333333333334,
    0.8636363636363636,
    0.8636363636363636
  ],
  "metrics": {
    "brier_raw": 0.23219451240506989,
    "brier_calibrated": 0.2272505653102424,
    "log_loss_raw": 0.6598353332913709,
    "log_loss_calibrated": 0.6463120399771443,
    "win_rate_band_monotonicity": 1.0,
    "n_trades": 3366,
    "base_win_rate": 0.404931669637552,
    "date_range": [
      "2023-04-10",
      "2026-05-20"
    ]
  }
}