{
  "features": [
    "rr_planned",
    "setup_score",
    "adx_value",
    "ad_line_slope_pct",
    "higher_lows",
    "institutional_ownership_pct",
    "extended",
    "rsi14",
    "macd_hist",
    "atr_pct",
    "vol20",
    "bb_pos",
    "dist_sma20",
    "dist_sma50",
    "dist_sma200",
    "pct_off_52w_high",
    "pct_above_52w_low",
    "ret_1m",
    "ret_3m",
    "ret_6m",
    "vol_surge_20",
    "obv_slope_20",
    "base_depth",
    "base_length",
    "gap_up",
    "inside_bar",
    "nr7",
    "spy_slope_50",
    "spy_ret_5d",
    "vix_level",
    "vix_vs_med20",
    "rs_vs_spy_3m",
    "log_price",
    "setup_breakout",
    "setup_momentum",
    "setup_reversion",
    "regime_label_neutral",
    "regime_label_risk_off",
    "regime_label_risk_on"
  ],
  "scaler_mean": [
    2.708728461081402,
    55.5797504456328,
    24.949450386215094,
    1.2819904931669637,
    1.0965537730243613,
    77.30335710041592,
    0.16607248960190138,
    53.33437895672941,
    -0.24663279214216105,
    3.6939151058892947,
    43.561721496029875,
    0.09060892325588012,
    0.912892817572863,
    3.6925336617031617,
    17.84550660253347,
    -14.650917922052363,
    102.12952664406612,
    3.4534144711600945,
    15.69663029762724,
    31.061189138116582,
    1.156517914350205,
    2.1641762494009273,
    7.453953060203897,
    17.48960190136661,
    0.5938799762329174,
    0.08942364824717766,
    0.12923351158645277,
    0.1068860278779415,
    0.8341330079739518,
    15.792192503305255,
    -1.7184475323404178,
    9.055531560685488,
    4.657664467414127,
    0.07635175282234105,
    0.7899584076054664,
    0.13368983957219252,
    0.24480095068330363,
    0.0071301247771836,
    0.7480689245395128
  ],
  "scaler_std": [
    0.12333545044845282,
    12.105402375130163,
    9.856037086369703,
    874.5274657944323,
    1.3803669657453195,
    19.107358850180727,
    0.37214569431786754,
    8.540977437062955,
    1.5136178758333316,
    2.3697920031477455,
    30.239665257913575,
    0.530595106961947,
    5.221651223517342,
    9.114274295673905,
    23.323682918851357,
    12.31309225684457,
    149.35651341866773,
    12.647184422979945,
    38.231040277722876,
    63.98828509194929,
    1.0435267672230055,
    1571.1774255778605,
    6.762163376203823,
    9.901762509381891,
    0.491107473026533,
    0.285354269954635,
    0.3354582106156994,
    0.08069817013143947,
    1.4875508799165962,
    2.351952839010793,
    10.691729864788046,
    37.551796918454265,
    1.1548008502783222,
    0.2655600923770309,
    0.40733784731952194,
    0.34031877169406033,
    0.4299691212492524,
    0.08413849355583562,
    0.43412188228400733
  ],
  "logreg_coef": [
    0.04014100248947666,
    0.034763888833936815,
    0.0,
    -0.01921824365662558,
    -0.14957537173894417,
    0.0,
    0.19512340821598775,
    0.19925591670032733,
    0.04161190289884924,
    -0.02974159848009106,
    0.0,
    0.16380827304803636,
    0.0,
    -0.08082794527995757,
    -0.08376355755880463,
    0.0,
    0.0,
    0.0,
    -0.012602097499701361,
    -0.011624829274796874,
    0.1337188623207531,
    0.0,
    0.0,
    -0.2572769701372528,
    0.02684771246368201,
    -0.04755112606352341,
    -0.012086663587899497,
    -0.004279609734753632,
    0.056991986380206736,
    0.007708947378002606,
    -0.04639140516267625,
    0.0,
    0.0,
    0.0,
    0.0,
    -0.022151974046678256,
    0.0,
    0.0,
    -0.03924405109840804
  ],
  "logreg_intercept": -0.252980487027514,
  "isotonic_x": [
    0.000653436459239337,
    0.09010183719134382,
    0.1131652805259492,
    0.13680376917214382,
    0.13832426517226865,
    0.32496047164447217,
    0.32527680366647477,
    0.43089213463890386,
    0.4309758498357338,
    0.4844080003894415,
    0.4848515419879742,
    0.49611489906687606,
    0.49620434940422575,
    0.5190024583269921,
    0.5190440186693367,
    0.5454508644477032,
    0.5457162091291217,
    0.5834998130428362,
    0.5837097794666819,
    0.5888474737066286,
    0.5893438243041096,
    0.6031691290546083,
    0.6031759670706794,
    0.6199679201238905,
    0.6200292273649191,
    0.68726201194082,
    0.6874095106745586,
    0.7062744280988245,
    0.7068325419452051,
    0.7574998549934296,
    0.7579003872427512,
    0.8484966094031577,
    0.855629216673308,
    0.867792054640628
  ],
  "isotonic_y": [
    0.14285714285714285,
    0.14285714285714285,
    0.3333333333333333,
    0.3333333333333333,
    0.33519553072625696,
    0.33519553072625696,
    0.3397291196388262,
    0.3397291196388262,
    0.41379310344827586,
    0.41379310344827586,
    0.4461538461538462,
    0.4461538461538462,
    0.45714285714285713,
    0.45714285714285713,
    0.5042016806722689,
    0.5042016806722689,
    0.562962962962963,
    0.562962962962963,
    0.5714285714285714,
    0.5714285714285714,
    0.5918367346938775,
    0.5918367346938775,
    0.5952380952380952,
    0.5952380952380952,
    0.641711229946524,
    0.641711229946524,
    0.6785714285714286,
    0.6785714285714286,
    0.7281553398058253,
    0.7281553398058253,
    0.8181818181818182,
    0.8181818181818182,
    1.0,
    1.0
  ],
  "brier_raw": 0.23128884183935774,
  "brier_calibrated": 0.22643081326586728,
  "n_train": 3366,
  "n_oos": 2805,
  "base_win_rate": 0.43998811645870467
}